cell_id,family,metric,treatment_mean,control_mean,paired_difference_mean,n,ci_low,ci_high
moderation-000,moderation,assignments,192.0,192.0,0.0,200,0.0,0.0
moderation-000,moderation,completion_rate,0.9141145833333333,0.9141145833333333,0.0,200,0.0,0.0
moderation-000,moderation,deadline_miss_rate,0.08588541666666666,0.08588541666666666,0.0,200,0.0,0.0
moderation-000,moderation,displacements,0.0,0.0,0.0,200,0.0,0.0
moderation-000,moderation,eligible_pages,0.0,0.0,0.0,200,0.0,0.0
moderation-000,moderation,evasion_learned,0.0,0.0,0.0,200,0.0,0.0
moderation-000,moderation,mean_submission_time,3.83503915009612,3.83503915009612,0.0,200,0.0,0.0
moderation-000,moderation,moderator_actions,0.0,0.0,0.0,200,0.0,0.0
moderation-000,moderation,moved_pages,0.0,0.0,0.0,200,0.0,0.0
moderation-000,moderation,post_intervention_writes,49.655,49.655,0.0,200,0.0,0.0
moderation-000,moderation,prefixed_pages,0.0,0.0,0.0,200,0.0,0.0
moderation-000,moderation,removed_pages,0.0,0.0,0.0,200,0.0,0.0
moderation-000,moderation,renamed_pages,0.0,0.0,0.0,200,0.0,0.0
moderation-000,moderation,screen_agreement,0.8480226472807126,0.8480226472807126,0.0,200,0.0,0.0
moderation-000,moderation,screen_alarm,0.78,0.78,0.0,200,0.0,0.0
moderation-000,moderation,screen_comparable_pairs,1042.625,1042.625,0.0,200,0.0,0.0
moderation-000,moderation,screen_observed_submissions,175.51,175.51,0.0,200,0.0,0.0
moderation-000,moderation,shared_submission_rate,0.35075520833333335,0.35075520833333335,0.0,200,0.0,0.0
moderation-000,moderation,submissions,175.51,175.51,0.0,200,0.0,0.0
moderation-000,moderation,task_success_rate,0.8243489583333333,0.8243489583333333,0.0,200,0.0,0.0
moderation-000,moderation,total_reads,72.26,72.26,0.0,200,0.0,0.0
moderation-000,moderation,total_writes,106.755,106.755,0.0,200,0.0,0.0
moderation-000,moderation,unauthorized_submission_rate,0.0,0.0,0.0,200,0.0,0.0
moderation-000,moderation,useful_reads,67.345,67.345,0.0,200,0.0,0.0
moderation-001,moderation,assignments,192.0,192.0,0.0,200,0.0,0.0
moderation-001,moderation,completion_rate,0.9141145833333333,0.9141145833333333,0.0,200,0.0,0.0
moderation-001,moderation,deadline_miss_rate,0.08588541666666666,0.08588541666666666,0.0,200,0.0,0.0
moderation-001,moderation,displacements,0.0,0.0,0.0,200,0.0,0.0
moderation-001,moderation,eligible_pages,0.0,0.0,0.0,200,0.0,0.0
moderation-001,moderation,evasion_learned,0.0,0.0,0.0,200,0.0,0.0
moderation-001,moderation,mean_submission_time,3.83503915009612,3.83503915009612,0.0,200,0.0,0.0
moderation-001,moderation,moderator_actions,0.0,0.0,0.0,200,0.0,0.0
moderation-001,moderation,moved_pages,0.0,0.0,0.0,200,0.0,0.0
moderation-001,moderation,post_intervention_writes,49.655,49.655,0.0,200,0.0,0.0
moderation-001,moderation,prefixed_pages,0.0,0.0,0.0,200,0.0,0.0
moderation-001,moderation,removed_pages,0.0,0.0,0.0,200,0.0,0.0
moderation-001,moderation,renamed_pages,0.0,0.0,0.0,200,0.0,0.0
moderation-001,moderation,screen_agreement,0.8480226472807126,0.8480226472807126,0.0,200,0.0,0.0
moderation-001,moderation,screen_alarm,0.78,0.78,0.0,200,0.0,0.0
moderation-001,moderation,screen_comparable_pairs,1042.625,1042.625,0.0,200,0.0,0.0
moderation-001,moderation,screen_observed_submissions,175.51,175.51,0.0,200,0.0,0.0
moderation-001,moderation,shared_submission_rate,0.35075520833333335,0.35075520833333335,0.0,200,0.0,0.0
moderation-001,moderation,submissions,175.51,175.51,0.0,200,0.0,0.0
moderation-001,moderation,task_success_rate,0.8243489583333333,0.8243489583333333,0.0,200,0.0,0.0
moderation-001,moderation,total_reads,72.26,72.26,0.0,200,0.0,0.0
moderation-001,moderation,total_writes,106.755,106.755,0.0,200,0.0,0.0
moderation-001,moderation,unauthorized_submission_rate,0.0,0.0,0.0,200,0.0,0.0
moderation-001,moderation,useful_reads,67.345,67.345,0.0,200,0.0,0.0
moderation-002,moderation,assignments,192.0,192.0,0.0,200,0.0,0.0
moderation-002,moderation,completion_rate,0.9105989583333333,0.9141145833333333,-0.003515625000000002,200,-0.005156250000000002,-0.0017968750000000033
moderation-002,moderation,deadline_miss_rate,0.08940104166666667,0.08588541666666666,0.003515625000000002,200,0.0018489583333333366,0.005130208333333337
moderation-002,moderation,displacements,10.605,0.0,10.605,200,10.065,11.205
moderation-002,moderation,eligible_pages,29.9,0.0,29.9,200,29.37,30.46
moderation-002,moderation,evasion_learned,13.56,0.0,13.56,200,13.125,13.97
moderation-002,moderation,mean_submission_time,3.8644189775173277,3.83503915009612,0.029379827421207715,200,0.014915290952078504,0.044493786228004824
moderation-002,moderation,moderator_actions,3.0,0.0,3.0,200,3.0,3.0
moderation-002,moderation,moved_pages,0.0,0.0,0.0,200,0.0,0.0
moderation-002,moderation,post_intervention_writes,46.555,49.655,-3.1,200,-3.455,-2.715
moderation-002,moderation,prefixed_pages,13.56,0.0,13.56,200,13.025,14.09
moderation-002,moderation,removed_pages,16.59,0.0,16.59,200,16.29,16.905
moderation-002,moderation,renamed_pages,6.595,0.0,6.595,200,6.3,6.89
moderation-002,moderation,screen_agreement,0.8479782830455076,0.8480226472807126,-4.4364235205105464e-05,200,-0.004060535984987025,0.0036281916189849746
moderation-002,moderation,screen_alarm,0.775,0.78,-0.005,200,-0.05,0.035
moderation-002,moderation,screen_comparable_pairs,1031.855,1042.625,-10.77,200,-15.71,-5.83
moderation-002,moderation,screen_observed_submissions,174.835,175.51,-0.675,200,-0.985,-0.355
moderation-002,moderation,shared_submission_rate,0.34065104166666665,0.35075520833333335,-0.010104166666666668,200,-0.01299479166666667,-0.007265624999999998
moderation-002,moderation,submissions,174.835,175.51,-0.675,200,-0.995,-0.375
moderation-002,moderation,task_success_rate,0.8207552083333333,0.8243489583333333,-0.00359375,200,-0.0059635416666666665,-0.0011197916666666713
moderation-002,moderation,total_reads,69.86,72.26,-2.4,200,-2.985,-1.825
moderation-002,moderation,total_writes,103.655,106.755,-3.1,200,-3.47,-2.7
moderation-002,moderation,unauthorized_submission_rate,0.0,0.0,0.0,200,0.0,0.0
moderation-002,moderation,useful_reads,65.405,67.345,-1.94,200,-2.49,-1.38
moderation-003,moderation,assignments,192.0,192.0,0.0,200,0.0,0.0
moderation-003,moderation,completion_rate,0.911015625,0.9141145833333333,-0.003098958333333336,200,-0.00476562500000001,-0.0013802083333333377
moderation-003,moderation,deadline_miss_rate,0.088984375,0.08588541666666666,0.003098958333333336,200,0.0013020833333333393,0.004843750000000006
moderation-003,moderation,displacements,10.945,0.0,10.945,200,10.37,11.57
moderation-003,moderation,eligible_pages,29.925,0.0,29.925,200,29.365,30.47
moderation-003,moderation,evasion_learned,13.56,0.0,13.56,200,13.135,13.975
moderation-003,moderation,mean_submission_time,3.868743840281503,3.83503915009612,0.033704690185382684,200,0.01890498725812903,0.048449848303280155
moderation-003,moderation,moderator_actions,3.0,0.0,3.0,200,3.0,3.0
moderation-003,moderation,moved_pages,0.0,0.0,0.0,200,0.0,0.0
moderation-003,moderation,post_intervention_writes,46.585,49.655,-3.07,200,-3.435,-2.69
moderation-003,moderation,prefixed_pages,13.52,0.0,13.52,200,12.975,14.045
moderation-003,moderation,removed_pages,16.63,0.0,16.63,200,16.31,16.92
moderation-003,moderation,renamed_pages,6.56,0.0,6.56,200,6.27,6.84
moderation-003,moderation,screen_agreement,0.8475357865642852,0.8480226472807126,-0.0004868607164274641,200,-0.004208235928913726,0.003222503813735005
moderation-003,moderation,screen_alarm,0.775,0.78,-0.005,200,-0.045,0.035
moderation-003,moderation,screen_comparable_pairs,1033.16,1042.625,-9.465,200,-14.44,-4.155
moderation-003,moderation,screen_observed_submissions,174.915,175.51,-0.595,200,-0.93,-0.24
moderation-003,moderation,shared_submission_rate,0.341015625,0.35075520833333335,-0.009739583333333334,200,-0.01276041666666667,-0.006875000000000003
moderation-003,moderation,submissions,174.915,175.51,-0.595,200,-0.93,-0.255
moderation-003,moderation,task_success_rate,0.8208072916666667,0.8243489583333333,-0.0035416666666666656,200,-0.0059895833333333285,-0.0010156249999999955
moderation-003,moderation,total_reads,69.94,72.26,-2.32,200,-2.9,-1.76
moderation-003,moderation,total_writes,103.685,106.755,-3.07,200,-3.45,-2.67
moderation-003,moderation,unauthorized_submission_rate,0.0,0.0,0.0,200,0.0,0.0
moderation-003,moderation,useful_reads,65.475,67.345,-1.87,200,-2.415,-1.285
moderation-004,moderation,assignments,192.0,192.0,0.0,200,0.0,0.0
moderation-004,moderation,completion_rate,0.9099479166666667,0.9141145833333333,-0.004166666666666666,200,-0.0057031249999999955,-0.002812499999999997
moderation-004,moderation,deadline_miss_rate,0.09005208333333334,0.08588541666666666,0.004166666666666666,200,0.002656250000000001,0.0055989583333333325
moderation-004,moderation,displacements,8.265,0.0,8.265,200,7.65,8.87
moderation-004,moderation,eligible_pages,21.585,0.0,21.585,200,20.46,22.64
moderation-004,moderation,evasion_learned,0.0,0.0,0.0,200,0.0,0.0
moderation-004,moderation,mean_submission_time,3.852787934277087,3.83503915009612,0.017748784180966884,200,0.005349004337042025,0.02972619444347313
moderation-004,moderation,moderator_actions,3.0,0.0,3.0,200,3.0,3.0
moderation-004,moderation,moved_pages,0.0,0.0,0.0,200,0.0,0.0
moderation-004,moderation,post_intervention_writes,47.215,49.655,-2.44,200,-2.8,-2.09
moderation-004,moderation,prefixed_pages,0.0,0.0,0.0,200,0.0,0.0
moderation-004,moderation,removed_pages,10.845,0.0,10.845,200,10.29,11.39
moderation-004,moderation,renamed_pages,0.0,0.0,0.0,200,0.0,0.0
moderation-004,moderation,screen_agreement,0.8482549680963696,0.8480226472807126,0.00023232081565689234,200,-0.0027305606837577205,0.003041804524926347
moderation-004,moderation,screen_alarm,0.78,0.78,0.0,200,-0.035,0.035
moderation-004,moderation,screen_comparable_pairs,1029.89,1042.625,-12.735,200,-17.06,-8.295
moderation-004,moderation,screen_observed_submissions,174.71,175.51,-0.8,200,-1.085,-0.525
moderation-004,moderation,shared_submission_rate,0.3411197916666666,0.35075520833333335,-0.009635416666666669,200,-0.012239583333333335,-0.007291666666666671
moderation-004,moderation,submissions,174.71,175.51,-0.8,200,-1.075,-0.535
moderation-004,moderation,task_success_rate,0.8204166666666667,0.8243489583333333,-0.0039322916666666655,200,-0.0057812499999999965,-0.0019010416666666646
moderation-004,moderation,total_reads,70.18,72.26,-2.08,200,-2.62,-1.565
moderation-004,moderation,total_writes,104.315,106.755,-2.44,200,-2.805,-2.11
moderation-004,moderation,unauthorized_submission_rate,0.0,0.0,0.0,200,0.0,0.0
moderation-004,moderation,useful_reads,65.495,67.345,-1.85,200,-2.33,-1.36
moderation-005,moderation,assignments,192.0,192.0,0.0,200,0.0,0.0
moderation-005,moderation,completion_rate,0.910859375,0.9141145833333333,-0.003255208333333332,200,-0.0047135416666666706,-0.0018749999999999956
moderation-005,moderation,deadline_miss_rate,0.089140625,0.08588541666666666,0.003255208333333332,200,0.0017447916666666612,0.004791666666666664
moderation-005,moderation,displacements,8.67,0.0,8.67,200,8.055,9.33
moderation-005,moderation,eligible_pages,21.53,0.0,21.53,200,20.43,22.63
moderation-005,moderation,evasion_learned,0.0,0.0,0.0,200,0.0,0.0
moderation-005,moderation,mean_submission_time,3.8605011334363293,3.83503915009612,0.025461983340208695,200,0.013448752134676447,0.03759024524463928
moderation-005,moderation,moderator_actions,3.0,0.0,3.0,200,3.0,3.0
moderation-005,moderation,moved_pages,0.0,0.0,0.0,200,0.0,0.0
moderation-005,moderation,post_intervention_writes,47.325,49.655,-2.33,200,-2.69,-1.975
moderation-005,moderation,prefixed_pages,0.0,0.0,0.0,200,0.0,0.0
moderation-005,moderation,removed_pages,10.805,0.0,10.805,200,10.23,11.36
moderation-005,moderation,renamed_pages,0.0,0.0,0.0,200,0.0,0.0
moderation-005,moderation,screen_agreement,0.8480122029006891,0.8480226472807126,-1.0444380023554856e-05,200,-0.002856110151012884,0.0027299858101471936
moderation-005,moderation,screen_alarm,0.785,0.78,0.005,200,-0.03,0.04
moderation-005,moderation,screen_comparable_pairs,1032.51,1042.625,-10.115,200,-14.56,-5.78
moderation-005,moderation,screen_observed_submissions,174.885,175.51,-0.625,200,-0.925,-0.33
moderation-005,moderation,shared_submission_rate,0.3421875,0.35075520833333335,-0.008567708333333335,200,-0.01109375,-0.0061197916666666675
moderation-005,moderation,submissions,174.885,175.51,-0.625,200,-0.915,-0.325
moderation-005,moderation,task_success_rate,0.8210677083333333,0.8243489583333333,-0.0032812499999999994,200,-0.005312499999999998,-0.001302083333333333
moderation-005,moderation,total_reads,70.365,72.26,-1.895,200,-2.41,-1.385
moderation-005,moderation,total_writes,104.425,106.755,-2.33,200,-2.685,-1.965
moderation-005,moderation,unauthorized_submission_rate,0.0,0.0,0.0,200,0.0,0.0
moderation-005,moderation,useful_reads,65.7,67.345,-1.645,200,-2.13,-1.155
